{"cameraMode":{"drawMode":0,"name":"Shaded","section":"Shading Mode"},"sceneLighting":true,"audioPlay":false,"sceneViewState":{"m_AlwaysRefresh":false,"showFog":true,"showSkybox":true,"showFlares":true,"showImageEffects":true,"showParticleSystems":true,"showVisualEffectGraphs":true,"m_FxEnabled":true},"in2DMode":false,"pivot":{"x":13.800678253173829,"y":2.041649341583252,"z":13.688620567321778},"rotation":{"x":-0.013479813933372498,"y":0.9910839200019836,"z":-0.13059890270233155,"w":-0.032127495855093},"size":1.4618699550628663,"orthographic":false}